Instrument	Volume	Open	ExtValue	Rho	Theta	Vega	Gamma	NDelta	Î”|Delta	Last	Size	IV Bid	Bid	Mark	Ask	IV Ask	Size
BTC-24SEP27-50000-C	-	1.5		417.97584	-7.39257	116.63619	-		0.93077	0.4524	17.9	43.87	0.448	0.4502	0.4535	47.99	3
BTC-24SEP27-50000-P	202.7	234.7		-74.78013	-7.39239	116.6333	-		-0.06922	0.0155	41	45.02	0.016	0.0168	0.0175	46.16	27.4
BTC-24SEP27-60000-C	-	-		449.59846	-10.89419	185.02416	0.00001		0.87032	-	16.7	41.2	0.351	0.3534	0.3565	43.81	2
BTC-24SEP27-60000-P	2	18.3		-141.71204	-10.89419	185.02416	0.00001		-0.12968	0.032	2	42	0.0325	0.0332	0.0345	42.95	36
BTC-24SEP27-65000-C	-	0.5		452.25932	-12.7506	222.29099	0.00001		0.82931	0.308	19	40.33	0.307	0.3093	0.3115	42.12	1
BTC-24SEP27-65000-P	0.4	2		-188.33304	-12.75079	222.29425	0.00001		-0.1707	0.046	1	40.94	0.045	0.0458	0.047	41.73	57.5
BTC-24SEP27-70000-C	0.6	3.4		446.00601	-14.53094	258.31683	0.00001		0.78162	0.2715	1	40.01	0.2675	0.2688	0.271	41.21	1
BTC-24SEP27-70000-P	0.4	3.1		-243.85624	-14.53094	258.31683	0.00001		-0.21838	0.062	9.4	40.13	0.061	0.062	0.0635	40.98	55.1
BTC-24SEP27-72000-C	-	-		441.25457	-15.18807	271.74229	0.00001		0.76101	-	1	39.83	0.2525	0.2537	0.2555	40.8	1
BTC-24SEP27-72000-P	-	1		-268.31726	-15.188	271.74205	0.00001		-0.23899	0.0665	9.3	39.88	0.0685	0.0695	0.071	40.7	52.5
BTC-24SEP27-74000-C	-	1.4		435.20114	-15.81652	284.41016	0.00001		0.7396	0.2459	1	39.62	0.238	0.2393	0.241	40.55	1
BTC-24SEP27-74000-P	-	-		-294.08181	-15.81652	284.41016	0.00001		-0.2604	-	17.1	39.63	0.0765	0.0777	0.079	40.41	10
BTC-24SEP27-76000-C	0.3	7.4		428.14126	-16.39189	296.12881	0.00001		0.71764	0.2225	1	39.41	0.224	0.2254	0.2275	40.45	15.3
BTC-24SEP27-76000-P	0.5	1		-320.8603	-16.39198	296.13031	0.00001		-0.28237	0.0855	7.9	39.51	0.0855	0.0865	0.088	40.26	37.7
BTC-24SEP27-78000-C	0.2	11.8		420.03842	-16.92283	306.8195	0.00001		0.69517	0.2135	1	39.32	0.211	0.2123	0.214	40.19	15
BTC-24SEP27-78000-P	-	-		-348.67382	-16.92289	306.8205	0.00001		-0.30484	-	7.7	39.38	0.095	0.096	0.0975	40.1	10
BTC-24SEP27-80000-C	-	11.7		411.05363	-17.4012	316.37975	0.00001		0.67235	0.194	22.7	38.94	0.1975	0.1998	0.2015	40.06	18.6
BTC-24SEP27-80000-P	300.5	300.3		-377.36038	-17.4012	316.37975	0.00001		-0.32765	0.105	7.6	39.23	0.105	0.1062	0.1075	39.93	10
BTC-24SEP27-82000-C	0.2	0.2		401.43124	-17.81081	324.74437	0.00001		0.64934	0.1895	18.4	38.97	0.186	0.1878	0.1895	39.92	2
BTC-24SEP27-82000-P	0.4	0.8		-406.70238	-17.81082	324.74429	0.00001		-0.35067	0.114	15.4	39.07	0.1155	0.1169	0.1185	39.88	34.8
BTC-24SEP27-84000-C	350	351.5		390.9246	-18.19981	331.86947	0.00001		0.62627	0.1772	0.1	39.24	0.176	0.1768	0.178	39.77	12.1
BTC-24SEP27-84000-P	350	350.9		-436.91018	-18.19982	331.86947	0.00001		-0.37373	0.1274	7.2	39.03	0.127	0.1286	0.13	39.83	32.3
BTC-24SEP27-86000-C	0.1	0.1		380.36927	-18.45127	337.78689	0.00001		0.60311	0.168	4.6	38.96	0.1645	0.1658	0.167	39.62	5.1
BTC-24SEP27-86000-P	-	0.7		-467.17578	-18.45127	337.78689	0.00001		-0.39689	0.1345	7	38.97	0.139	0.1402	0.1415	39.63	1
BTC-24SEP27-88000-C	0.6	11.5		369.17827	-18.68027	342.45342	0.00001		0.58013	0.1565	4.9	38.94	0.1545	0.1557	0.157	39.59	15.8
BTC-24SEP27-88000-P	-	0.9		-498.07713	-18.68027	342.45342	0.00001		-0.41987	0.1475	6.8	38.91	0.1515	0.1528	0.154	39.56	1
BTC-24SEP27-90000-C	2.8	10.8		357.68735	-18.85123	345.90925	0.00001		0.55738	0.1465	5.2	38.92	0.145	0.1461	0.1475	39.55	16.5
BTC-24SEP27-90000-P	-	1		-529.2882	-18.8511	345.90683	0.00001		-0.44263	0.1635	6.6	38.85	0.1645	0.1659	0.1675	39.61	22.1
BTC-24SEP27-92000-C	-	1		345.97522	-18.96023	348.18883	0.00001		0.5349	0.1355	5.5	38.89	0.136	0.1371	0.1385	39.53	16.8
BTC-24SEP27-92000-P	-	-		-560.70088	-18.96023	348.18883	0.00001		-0.4651	-	6.4	38.91	0.1785	0.1795	0.181	39.54	9
BTC-24SEP27-94000-C	-	1.1		334.14441	-19.01247	349.34719	0.00001		0.5128	0.126	5.7	38.87	0.1275	0.1286	0.13	39.5	7
BTC-24SEP27-94000-P	-	-		-592.24203	-19.01244	349.3472	0.00001		-0.4872	-	6.2	38.85	0.1925	0.1937	0.1955	39.6	1
BTC-24SEP27-96000-C	0.1	0.2		322.26236	-19.01723	349.44189	0.00001		0.49119	0.12	6	38.86	0.1195	0.1207	0.122	39.49	15
BTC-24SEP27-96000-P	-	-		-623.82454	-19.01745	349.44599	0.00001		-0.5088	-	6.1	38.79	0.207	0.2084	0.21	39.55	1
BTC-24SEP27-98000-C	-	0.3		310.39884	-18.96616	348.54066	0.00001		0.47003	0.112	6.2	38.85	0.112	0.1132	0.1145	39.49	15
BTC-24SEP27-98000-P	-	-		-655.40829	-18.96618	348.54067	0.00001		-0.52997	-	1	38.37	0.2205	0.2236	0.2265	39.89	2
BTC-24SEP27-100000-C	10	10.9		298.63854	-18.881	346.72853	0.00001		0.44955	0.104	6.4	38.87	0.105	0.1062	0.107	39.38	8
BTC-24SEP27-100000-P	-	-		-686.87896	-18.881	346.72853	0.00001		-0.55045	-	1	38.47	0.2365	0.2393	0.243	40.12	14.5
BTC-24SEP27-102000-C	-	2.1		287.00464	-18.74233	344.06794	0.00001		0.42956	0.1005	6.5	38.91	0.0985	0.0996	0.1005	39.42	10
BTC-24SEP27-102000-P	-	-		-718.22322	-18.74233	344.06794	0.00001		-0.57044	-	1	38.47	0.2525	0.2553	0.2595	40.26	16.4
BTC-24SEP27-104000-C	-	5.1		275.56637	-18.57218	340.64982	0.00001		0.41026	0.096	6.7	38.98	0.0925	0.0934	0.0945	39.5	11
BTC-24SEP27-104000-P	-	-		-749.37183	-18.57218	340.64982	0.00001		-0.58974	-	1	38.49	0.269	0.2718	0.2755	40.17	13.5
BTC-24SEP27-106000-C	-	0.1		264.38991	-18.3772	336.57237	0.00001		0.39172	0.0925	6.8	39.09	0.087	0.0877	0.0885	39.48	8
BTC-24SEP27-106000-P	-	-		-780.25865	-18.3772	336.57237	0.00001		-0.60828	-	1	38.41	0.2855	0.2888	0.2925	40.25	9.7
BTC-24SEP27-108000-C	-	-		253.44766	-18.14028	331.87503	0.00001		0.37374	-	7	39.1	0.0815	0.0823	0.0835	39.63	11
BTC-24SEP27-108000-P	-	-		-810.92062	-18.13991	331.86831	0.00001		-0.62627	-	1	38.37	0.3025	0.306	0.31	40.37	9.4
BTC-24SEP27-110000-C	200	200.2		242.84857	-17.89029	326.69243	0.00001		0.35659	0.0782	7.1	39.16	0.0765	0.0774	0.0785	39.7	11
BTC-24SEP27-110000-P	-	-		-841.22069	-17.89029	326.69243	0.00001		-0.64341	-	1	38.51	0.3205	0.3237	0.328	40.54	9.1
BTC-24SEP27-112000-C	-	-		232.59966	-17.62123	321.0932	0.00001		0.34019	-	7.3	39.27	0.072	0.0728	0.0735	39.68	10
BTC-24SEP27-112000-P	-	-		-871.17091	-17.62163	321.10051	0.00001		-0.6598	-	0.9	38.43	0.338	0.3418	0.346	40.63	8.7
BTC-24SEP27-114000-C	-	-		222.62344	-17.32161	315.0714	0.00001		0.32434	-	7.4	39.3	0.0675	0.0684	0.0695	39.86	11
BTC-24SEP27-114000-P	-	-		-900.86651	-17.32161	315.0714	0.00001		-0.67566	-	0.9	38.54	0.3565	0.3601	0.364	40.64	0.9
BTC-24SEP27-116000-C	-	0.1		213.02802	-17.01098	308.77099	0.00001		0.30925	0.065	7.6	39.4	0.0635	0.0643	0.065	39.83	8
BTC-24SEP27-116000-P	-	-		-930.18094	-17.01056	308.76323	0.00001		-0.69076	-	0.9	38.57	0.375	0.3787	0.3835	41	8.2
BTC-24SEP27-118000-C	-	0.1		203.89684	-16.70633	302.32872	0.00001		0.29507	0.06	7.7	39.57	0.06	0.0606	0.0615	40.01	11
BTC-24SEP27-118000-P	-	-		-959.01381	-16.70633	302.32872	0.00001		-0.70493	-	0.9	38.67	0.394	0.3976	0.4025	41.15	8
BTC-24SEP27-120000-C	0.8	4.3		195.04063	-16.37696	295.62458	0.00001		0.28137	0.0575	7.8	39.67	0.0565	0.0571	0.058	40.12	11
BTC-24SEP27-120000-P	0.1	-		-987.58038	-16.37696	295.62458	0.00001		-0.71863	0.42	0.8	38.7	0.413	0.4168	0.4215	41.24	7.7
BTC-24SEP27-125000-C	1.5	3.6		174.56484	-15.53838	278.47529	0.00001		0.2501	0.0505	8.1	40.02	0.049	0.0494	0.05	40.33	1
BTC-24SEP27-125000-P	-	-		-1057.33974	-15.53791	278.46697	0.00001		-0.74991	-	0.8	38.78	0.4615	0.4657	0.4705	41.63	7.2
BTC-24SEP27-130000-C	0.5	43.3		156.67753	-14.74163	261.62175	0.00001		0.22328	0.0425	8.3	40.32	0.0425	0.0431	0.044	40.83	16.7
BTC-24SEP27-130000-P	-	4		-1124.50239	-14.74115	261.61335	0.00001		-0.77673	0.5285	0.7	39.12	0.512	0.5161	0.521	42.15	6.7
BTC-24SEP27-135000-C	-	100		140.49805	-13.90445	244.70421	0.00001		0.19921	0.04	8.5	40.63	0.037	0.0377	0.0385	41.17	17.1
BTC-24SEP27-135000-P	-	-		-1189.95723	-13.90398	244.69583	0.00001		-0.8008	-	0.7	39.28	0.563	0.5673	0.5725	42.7	6.4
BTC-24SEP27-140000-C	-	6.4		126.3156	-13.10912	228.57509	0.00001		0.17835	0.0335	8.6	41.02	0.0325	0.0331	0.034	41.6	17.7
BTC-24SEP27-140000-P	-	-		-1253.40891	-13.10912	228.57509	0.00001		-0.82165	-	0.6	39.51	0.615	0.6194	0.625	43.35	6
BTC-24SEP27-150000-C	-	23.6		102.924	-11.64597	199.11181	0.00001		0.14438	0.027	8.9	41.84	0.0255	0.026	0.0265	42.28	10
BTC-24SEP27-150000-P	-	-		-1375.35225	-11.64597	199.11181	0.00001		-0.85562	-	0.6	39.68	0.7205	0.7256	0.7315	44.55	5.5
BTC-24SEP27-160000-C	-	-		84.26175	-10.2772	172.7093	0.00001		0.11753	-	9.1	42.47	0.02	0.0207	0.0215	43.24	19.3
BTC-24SEP27-160000-P	-	-		-1492.56626	-10.2772	172.7093	0.00001		-0.88247	-	0.5	40.03	0.8285	0.8335	0.84	45.88	5.1
BTC-24SEP27-170000-C	1	1.7		69.94634	-9.12715	150.57021	-		0.09718	0.0165	11.2	43.16	0.016	0.0168	0.0175	44.04	28.4
BTC-24SEP27-170000-P	-	4.3		-1605.43341	-9.12715	150.57021	-		-0.90282	0.9545	0.5	40.06	0.9375	0.9429	0.9495	47.11	0.5
BTC-24SEP27-180000-C	-	5.6		58.55985	-8.11601	131.59005	-		0.08109	0.015	11.3	43.85	0.013	0.0138	0.0145	44.86	28.5
BTC-24SEP27-180000-P	-	0.1		-1715.37166	-8.11601	131.59005	-		-0.91891	1.05	4	-	1.0355	1.0532	1.074	55.11	4
BTC-24SEP27-190000-C	-	0.9		50.98322	-7.48917	118.39557	-		0.07059	0.0125	2	45.15	0.0115	0.012	0.0125	45.9	36.3
BTC-24SEP27-190000-P	-	-		-1821.50004	-7.48917	118.39557	-		-0.92941	-	3.8	-	1.1455	1.1648	1.1875	57.88	3.7
BTC-24SEP27-200000-C	16.6	27.2		43.24526	-6.6673	103.96951	-		0.05971	0.01	2	45.72	0.0095	0.01	0.0105	46.56	30.5
BTC-24SEP27-200000-P	-	-		-1927.78975	-6.6673	103.96951	-		-0.94029	-	3.6	-	1.257	1.2761	1.299	59.57	3.5
BTC-24SEP27-210000-C	-	17.2		38.10922	-6.16044	94.09289	-		0.05261	0.0085	2	46.82	0.0085	0.0088	0.009	47.29	21.6
BTC-24SEP27-210000-P	-	-		-2031.47976	-6.16013	94.08822	-		-0.94739	-	3.4	-	1.367	1.3882	1.4135	62.45	3.4
BTC-24SEP27-220000-C	3	16.2		32.84774	-5.52939	83.42068	-		0.04525	0.0075	41.6	47.16	0.007	0.0075	0.008	48.22	28.5
BTC-24SEP27-220000-P	-	-		-2135.29271	-5.52911	83.41644	-		-0.95475	-	3.2	-	1.4785	1.5002	1.5265	64.5	3.2
