T,K,moneyness,option_type,model,price,delta,gamma,theta,vega
0.019178082191780823,60000.0,1.0,call,Black-Scholes,2238.9127073553245,0.5186575952466228,7.098216277275544e-05,-165.97432302683956,33.112243677351216
0.019178082191780823,63000.0,1.05,call,Black-Scholes,1099.6867330919195,0.3175190867547523,6.348970853448716e-05,-146.8498891980089,29.617112258347333
0.019178082191780823,66000.0,1.1,call,Black-Scholes,473.11264117154496,0.16557047834279123,4.4314305240631155e-05,-99.43015972779722,20.672037847543834
0.019178082191780823,72000.0,1.2,call,Black-Scholes,59.825726645487066,0.028603232640989518,1.1649161630581753e-05,-23.492536285695905,5.434178891084684
0.019178082191780823,48000.0,0.8,put,Black-Scholes,14.2870262472739,-0.007516689313149527,3.6959828390889825e-06,-6.9455290002021,1.7241263173929156
0.019178082191780823,54000.0,0.9,put,Black-Scholes,346.81394233466926,-0.1204383905328541,3.5723016581970216e-05,-79.42932860180463,16.66431388125602
0.019178082191780823,57000.0,0.95,put,Black-Scholes,1002.6387347397831,-0.2759322324821672,5.953290474280948e-05,-137.54079923516656,27.771314222263754
0.0821917808219178,60000.0,1.0,call,Black-Scholes,4629.441593853917,0.538578674824142,3.416457063091608e-05,-77.57436195010814,68.3028042791193
0.0821917808219178,63000.0,1.05,call,Black-Scholes,3394.402688320446,0.43840192132211087,3.391520830417802e-05,-76.96641237015501,67.80427185221924
0.0821917808219178,66000.0,1.1,call,Black-Scholes,2435.383332336198,0.3463555943229342,3.1746943528156e-05,-71.9359122599999,63.46941413357854
0.0821917808219178,72000.0,1.2,call,Black-Scholes,1181.4530077937015,0.19923174709386635,2.4032337983549547e-05,-54.15689721726267,48.0461489465597
0.0821917808219178,48000.0,0.8,put,Black-Scholes,641.0426888589864,-0.1058661127040826,1.5738472762273483e-05,-35.333610099454745,31.4648112273062
0.0821917808219178,54000.0,0.9,put,Black-Scholes,2030.239408759533,-0.2608361201271994,2.795473175057042e-05,-63.31400385683628,55.88791262571249
0.0821917808219178,57000.0,0.95,put,Black-Scholes,3170.499051775674,-0.35880619373347145,3.215228550996269e-05,-72.96151025303334,64.27978399715357
0.2465753424657534,60000.0,1.0,call,Black-Scholes,7993.457053224458,0.5666121391799,1.9540757421054877e-05,-44.119418772359495,117.19935154487757
0.2465753424657534,63000.0,1.05,call,Black-Scholes,6778.944052872641,0.5089095694781159,1.981271543627372e-05,-44.73079975524524,118.83047023384279
0.2465753424657534,66000.0,1.1,call,Black-Scholes,5726.0687428886085,0.4536996780958968,1.9684041439581455e-05,-44.43288294014201,118.05872502045531
0.2465753424657534,72000.0,1.2,call,Black-Scholes,4043.8676477380614,0.3535850277130521,1.8467516282625082e-05,-41.66176681680008,110.76238704954449
0.2465753424657534,48000.0,0.8,put,Black-Scholes,2706.916787642307,-0.2024670778928339,1.4009853556571114e-05,-31.5924975481812,84.0267183175456
0.2465753424657534,54000.0,0.9,put,Black-Scholes,4961.272314332986,-0.3149791407246691,1.7646097755156614e-05,-39.83062362318378,105.83577558791148
0.2465753424657534,57000.0,0.95,put,Black-Scholes,6383.648292871247,-0.374242902171621,1.882469233452058e-05,-42.49989351167824,112.90461700209562
0.019178082191780823,60000.0,1.0,call,Heston,2240.883278786572,0.5242404572099986,7.08906386029816e-05,-165.71822652577248,33.07264422419394
0.019178082191780823,63000.0,1.05,call,Heston,1086.7723419303402,0.3212525220439299,6.471557379781088e-05,-145.2729943110753,29.749409350733913
0.019178082191780823,66000.0,1.1,call,Heston,454.291657699765,0.1654910871214573,4.5589482397190295e-05,-96.35017131816676,20.65578557576373
0.019178082191780823,72000.0,1.2,call,Heston,50.294764674887574,0.02603815679483053,1.1397222913779438e-05,-20.321593924150307,5.019905600920538
0.019178082191780823,48000.0,0.8,put,Heston,18.425996566504182,-0.00891012023203075,4.023115858823682e-06,-8.684350548544899,1.9979460368631408
0.019178082191780823,54000.0,0.9,put,Heston,365.41057597194595,-0.12119250979230856,3.4782782879321734e-05,-82.32504085190885,16.72929849701177
0.019178082191780823,57000.0,0.95,put,Heston,1018.5655217232197,-0.27273560220904375,5.827446835206097e-05,-138.75340392384533,27.59948205202818
0.0821917808219178,60000.0,1.0,call,Heston,4612.99842619005,0.5499432372171214,3.4229267132306835e-05,-76.42670391128195,67.95903858983365
0.0821917808219178,63000.0,1.05,call,Heston,3344.4198577424686,0.44847398989986687,3.47229670296656e-05,-75.21137983064546,67.92473894347495
0.0821917808219178,66000.0,1.1,call,Heston,2358.237981050923,0.35335216229123034,3.3100379065823894e-05,-69.52017988267471,63.815078436164185
0.0821917808219178,72000.0,1.2,call,Heston,1080.2138948926568,0.1982684777091587,2.551605757616926e-05,-50.32151322723985,47.815306440861605
0.0821917808219178,48000.0,0.8,put,Heston,703.2282222525682,-0.1062015995078885,1.4888244550093077e-05,-37.31364132598537,31.47298023577605
0.0821917808219178,54000.0,0.9,put,Heston,2075.4233672370174,-0.2533986159669439,2.684248647710774e-05,-63.58047676580463,54.94909418921452
0.0821917808219178,57000.0,0.95,put,Heston,3188.0816155246575,-0.3483978410840791,3.149734119587164e-05,-72.45597544546035,63.48830189053842
0.2465753424657534,60000.0,1.0,call,Heston,7874.525622013851,0.5854472403064696,1.9744663202598327e-05,-41.983441298169055,115.48736863096565
0.2465753424657534,63000.0,1.05,call,Heston,6599.102746737553,0.5264845801129923,2.047052546711509e-05,-42.21859344496261,117.9514234268936
0.2465753424657534,66000.0,1.1,call,Heston,5490.609735839331,0.4688501183651776,2.075690887674379e-05,-41.54037014545247,117.85359027380764
0.2465753424657534,72000.0,1.2,call,Heston,3722.5107417169056,0.3614659120767101,2.0122855757007426e-05,-37.96133710574213,111.01524101813993
0.2465753424657534,48000.0,0.8,put,Heston,2806.1408734158686,-0.19144846130257065,1.2960978791751484e-05,-31.308553398790536,80.7691506233823
0.2465753424657534,54000.0,0.9,put,Heston,4965.261999803261,-0.2976622452479205,1.701573556702998e-05,-38.516074588435,102.6513514258113
0.2465753424657534,57000.0,0.95,put,Heston,6327.401148800607,-0.3554816081280781,1.8582107764410062e-05,-40.755537950732105,110.36234910134226
0.019178082191780823,60000.0,1.0,call,Bates,2294.1844269539215,0.5289434837062194,6.897128959179908e-05,-168.30811536483816,32.41405372245936
0.019178082191780823,63000.0,1.05,call,Bates,1122.4763474943684,0.329222566549106,6.452497725856827e-05,-147.58419145168227,29.475364206336963
0.019178082191780823,66000.0,1.1,call,Bates,470.3031461151768,0.17184978726587966,4.6741305090512876e-05,-98.17788281541652,20.755502704923856
0.019178082191780823,72000.0,1.2,call,Bates,49.93805332522402,0.026728656240663895,1.1981096027587531e-05,-20.132393177021186,5.028541444380608
0.019178082191780823,48000.0,0.8,put,Bates,16.95696699403925,-0.0112903815691728,4.854833807459929e-06,-10.95770128400909,2.558007927291328
0.019178082191780823,54000.0,0.9,put,Bates,402.412132753474,-0.12765780752973419,3.425397699174937e-05,-88.34722617911757,17.04169719123456
0.019178082191780823,57000.0,0.95,put,Bates,1073.2651763504618,-0.27475302870091883,5.6193211195123797e-05,-142.95039566414926,27.171348012780072
0.0821917808219178,60000.0,1.0,call,Bates,4670.738095356552,0.5590497063079359,3.36483413371348e-05,-75.55962816010287,62.784783341885486
0.0821917808219178,63000.0,1.05,call,Bates,3376.0340016132504,0.45841658717472455,3.475268103001225e-05,-73.98971749261545,63.0282283456836
0.0821917808219178,66000.0,1.1,call,Bates,2363.880801382533,0.3623549069279761,3.3731138298915335e-05,-68.04243377519015,59.469595132577524
0.0821917808219178,72000.0,1.2,call,Bates,1049.9421542715645,0.2020365764815324,2.6721926234232444e-05,-48.31191867059533,44.53592547406515
0.0821917808219178,48000.0,0.8,put,Bates,779.9073576446754,-0.1093005779991169,1.4388258932740428e-05,-39.655607751868956,30.166503860164084
0.0821917808219178,54000.0,0.9,put,Bates,2165.218076585872,-0.25035721311905945,2.5723179836253014e-05,-64.10829228220973,50.83738671564788
0.0821917808219178,57000.0,0.95,put,Bates,3266.7717175297366,-0.3418109256557121,3.0489326187913928e-05,-72.15846534145385,58.541614236310124
0.2465753424657534,60000.0,1.0,call,Bates,7831.2456835857665,0.5982777154804353,1.979793645053481e-05,-39.95908282585151,91.5869017402656
0.2465753424657534,63000.0,1.05,call,Bates,6515.862468898202,0.5386867586906495,2.0850783888211783e-05,-40.06626717213658,93.74629259236826
0.2465753424657534,66000.0,1.1,call,Bates,5370.468756933096,0.47954345791458763,2.145598682545824e-05,-39.28303830976074,93.78095581869275
0.2465753424657534,72000.0,1.2,call,Bates,3545.4471926026454,0.36713928413640434,2.1308783794261722e-05,-35.49809599618675,88.08685276944743
0.2465753424657534,48000.0,0.8,put,Bates,2898.5608417003896,-0.1845449759348412,1.2268158671860066e-05,-30.403439742985938,63.825048666694784
0.2465753424657534,54000.0,0.9,put,Bates,5000.354943135069,-0.2863533681860038,1.6530953063112167e-05,-36.902388494534534,81.03575369859755
0.2465753424657534,57000.0,0.95,put,Bates,6324.534865186273,-0.3429633954498665,1.833599809389044e-05,-38.90388876768702,87.30281111129443
