T,K,moneyness,option_type,market_price,market_iv
0.019178082191780823,48000.0,0.8,put,16.949419530669275,0.6902015581118779
0.019178082191780823,54000.0,0.9,put,402.8592581629851,0.7083257816027803
0.019178082191780823,57000.0,0.95,put,1074.3004184478352,0.7013290589367918
0.019178082191780823,60000.0,1.0,call,2291.8843121514965,0.6916633842407839
0.019178082191780823,63000.0,1.05,call,1125.3820507357107,0.6843264162226652
0.019178082191780823,66000.0,1.1,call,472.20647446867804,0.6752268765618763
0.019178082191780823,72000.0,1.2,call,49.60028575760927,0.6557433336416345
0.0821917808219178,48000.0,0.8,put,783.3667040018042,0.7191229575806314
0.0821917808219178,54000.0,0.9,put,2159.8440497577726,0.6987461048510045
0.0821917808219178,57000.0,0.95,put,3258.5791060922847,0.6893597536222851
0.0821917808219178,60000.0,1.0,call,4676.936184683746,0.682619249377131
0.0821917808219178,63000.0,1.05,call,3381.666402082344,0.6737868464306593
0.0821917808219178,66000.0,1.1,call,2369.986717527159,0.6653431084648825
0.0821917808219178,72000.0,1.2,call,1057.9900477083538,0.6495123050727702
0.2465753424657534,48000.0,0.8,put,2885.947785369327,0.6968384103155844
0.2465753424657534,54000.0,0.9,put,4999.818374231258,0.679306755462592
0.2465753424657534,57000.0,0.95,put,6291.953988438146,0.66754419597442
0.2465753424657534,60000.0,1.0,call,7819.387679748245,0.6608175187228447
0.2465753424657534,63000.0,1.05,call,6485.440960590259,0.650968705913329
0.2465753424657534,66000.0,1.1,call,5365.713390789661,0.6451027492403545
0.2465753424657534,72000.0,1.2,call,3561.9680118811652,0.6317490094315618
