T,K,moneyness,option_type,market_price,market_iv,S0
0.026694045174537988,65000.0,0.7746285178059327,put,16.78223780970698,0.6328641086404373,83911.1890485349
0.026694045174537988,68000.0,0.8103806032431295,put,16.78223780970698,0.5317175179094259,83911.1890485349
0.026694045174537988,70000.0,0.8342153268679275,put,33.56447561941396,0.5102605696127063,83911.1890485349
0.026694045174537988,72000.0,0.8580500504927254,put,50.34671342912093,0.46830126224323976,83911.1890485349
0.026694045174537988,73000.0,0.8699674123051244,put,58.73783233397443,0.44304649490490744,83911.1890485349
0.026694045174537988,74000.0,0.8818847741175234,put,75.52007014368141,0.4244167715721366,83911.1890485349
0.026694045174537988,75000.0,0.8938021359299223,put,100.69342685824186,0.40819577505620924,83911.1890485349
0.026694045174537988,76000.0,0.9057194977423213,put,134.25790247765585,0.3916815424182911,83911.1890485349
0.026694045174537988,77000.0,0.9176368595547203,put,184.6046159067768,0.37765202919531443,83911.1890485349
0.026694045174537988,78000.0,0.9295542213671192,put,260.1246860504582,0.3662419714036838,83911.1890485349
0.026694045174537988,79000.0,0.9414715831795182,put,369.2092318135536,0.3565528506951223,83911.1890485349
0.026694045174537988,80000.0,0.9533889449919172,put,520.2493721009164,0.3475596063123965,83911.1890485349
0.026694045174537988,81000.0,0.9653063068043161,put,738.4184636271071,0.34225208214597025,83911.1890485349
0.026694045174537988,82000.0,0.9772236686167151,put,1032.1076252969792,0.33873025514312055,83911.1890485349
0.026694045174537988,83000.0,0.989141030429114,put,1418.0990949202396,0.3379086790719021,83911.1890485349
0.026694045174537988,84000.0,1.001058392241513,call,1703.3971376852583,0.31936368465438936,83911.1890485349
0.026694045174537988,85000.0,1.012975754053912,call,1283.8411924425839,0.32255217583621193,83911.1890485349
0.026694045174537988,86000.0,1.024893115866311,call,948.1964362484443,0.32573401990894735,83911.1890485349
0.026694045174537988,87000.0,1.03681047767871,call,696.4628691028397,0.33108946953380997,83911.1890485349
0.026694045174537988,88000.0,1.0487278394911088,call,503.4671342912094,0.33604628905086154,83911.1890485349
0.026694045174537988,89000.0,1.060645201303508,call,369.2092318135536,0.34399570426571946,83911.1890485349
0.026694045174537988,90000.0,1.0725625631159068,call,260.1246860504582,0.3482731352118451,83911.1890485349
0.026694045174537988,92000.0,1.0963972867407048,call,134.25790247765585,0.3622476204909125,83911.1890485349
0.026694045174537988,94000.0,1.1202320103655026,call,67.12895123882792,0.37429116885494584,83911.1890485349
0.026694045174537988,95000.0,1.1321493721779017,call,50.34671342912093,0.3839630383305741,83911.1890485349
0.026694045174537988,100000.0,1.1917361812398963,call,8.39111890485349,0.40963602271629584,83911.1890485349
0.08418891170431211,40000.0,0.47337278106508873,put,8.450000000000001,0.8926079820848182,84500.0
0.08418891170431211,45000.0,0.5325443786982249,put,8.450000000000001,0.759743063032976,84500.0
0.08418891170431211,48000.0,0.5680473372781065,put,16.900000000000002,0.7356683203032447,84500.0
0.08418891170431211,50000.0,0.591715976331361,put,16.900000000000002,0.6864460928546543,84500.0
0.08418891170431211,52000.0,0.6153846153846154,put,25.349999999999998,0.6682681168818787,84500.0
0.08418891170431211,54000.0,0.6390532544378699,put,33.800000000000004,0.6421717553604338,84500.0
0.08418891170431211,55000.0,0.650887573964497,put,42.25,0.6357113066700032,84500.0
0.08418891170431211,56000.0,0.6627218934911243,put,50.699999999999996,0.6263311092080732,84500.0
0.08418891170431211,57000.0,0.6745562130177515,put,50.699999999999996,0.6021642567293136,84500.0
0.08418891170431211,58000.0,0.6863905325443787,put,50.699999999999996,0.5783570712597468,84500.0
0.08418891170431211,59000.0,0.6982248520710059,put,67.60000000000001,0.5775307797991636,84500.0
0.08418891170431211,60000.0,0.7100591715976331,put,76.05,0.5632136231731762,84500.0
0.08418891170431211,61000.0,0.7218934911242604,put,84.5,0.5479095314774601,84500.0
0.08418891170431211,62000.0,0.7337278106508875,put,92.95,0.5317901092007078,84500.0
0.08418891170431211,63000.0,0.7455621301775148,put,101.39999999999999,0.5149836668973145,84500.0
0.08418891170431211,64000.0,0.757396449704142,put,118.3,0.503787212655764,84500.0
0.08418891170431211,65000.0,0.7692307692307693,put,126.75,0.4853925458096322,84500.0
0.08418891170431211,66000.0,0.7810650887573964,put,152.1,0.47659790349452713,84500.0
0.08418891170431211,67000.0,0.7928994082840237,put,169.0,0.46115948892968334,84500.0
0.08418891170431211,68000.0,0.8047337278106509,put,194.35,0.4486649778126842,84500.0
0.08418891170431211,69000.0,0.8165680473372781,put,219.7,0.43456071209072117,84500.0
0.08418891170431211,70000.0,0.8284023668639053,put,261.95,0.4252905588363201,84500.0
0.08418891170431211,71000.0,0.8402366863905325,put,304.2,0.413577517201398,84500.0
0.08418891170431211,72000.0,0.8520710059171598,put,354.9,0.4022712795596836,84500.0
0.08418891170431211,73000.0,0.863905325443787,put,439.4,0.39725231912458997,84500.0
0.08418891170431211,74000.0,0.8757396449704142,put,515.45,0.3867354225459856,84500.0
0.08418891170431211,75000.0,0.8875739644970414,put,625.3000000000001,0.3802855982379371,84500.0
0.08418891170431211,76000.0,0.8994082840236687,put,760.4999999999999,0.37475247592654504,84500.0
0.08418891170431211,77000.0,0.9112426035502958,put,929.5,0.37072941304011087,84500.0
0.08418891170431211,78000.0,0.9230769230769231,put,1140.75,0.36855286806899573,84500.0
0.08418891170431211,79000.0,0.9349112426035503,put,1377.35,0.36517470327123613,84500.0
0.08418891170431211,80000.0,0.9467455621301775,put,1664.6499999999999,0.3635644922141138,84500.0
0.08418891170431211,81000.0,0.9585798816568047,put,2002.6499999999999,0.36310193651587513,84500.0
0.08418891170431211,82000.0,0.9704142011834319,put,2399.8,0.3643321646875752,84500.0
0.08418891170431211,83000.0,0.9822485207100592,put,2847.65,0.3660923566026451,84500.0
0.08418891170431211,84000.0,0.9940828402366864,put,3337.75,0.36749303529034294,84500.0
0.08418891170431211,85000.0,1.0059171597633136,call,2957.5000000000005,0.3264457678027619,84500.0
0.08418891170431211,86000.0,1.017751479289941,call,2543.45,0.32829380493592114,84500.0
0.08418891170431211,87000.0,1.029585798816568,call,2180.1,0.33055765705642,84500.0
0.08418891170431211,88000.0,1.0414201183431953,call,1859.0,0.33267249975720364,84500.0
0.08418891170431211,89000.0,1.0532544378698225,call,1580.15,0.335000803592177,84500.0
0.08418891170431211,90000.0,1.0650887573964498,call,1343.5500000000002,0.3380078071957599,84500.0
0.08418891170431211,91000.0,1.0769230769230769,call,1132.3,0.3400994305846697,84500.0
0.08418891170431211,92000.0,1.0887573964497042,call,954.8499999999999,0.34275454342391265,84500.0
0.08418891170431211,93000.0,1.1005917159763314,call,811.1999999999999,0.3466446875974686,84500.0
0.08418891170431211,94000.0,1.1124260355029585,call,684.4499999999999,0.34981476055342214,84500.0
0.08418891170431211,95000.0,1.1242603550295858,call,583.05,0.3541443191632167,84500.0
0.08418891170431211,96000.0,1.136094674556213,call,490.09999999999997,0.3570782132016545,84500.0
0.08418891170431211,98000.0,1.1597633136094674,call,354.9,0.36537393693090364,84500.0
0.08418891170431211,100000.0,1.183431952662722,call,270.40000000000003,0.37750229804097213,84500.0
0.08418891170431211,102000.0,1.2071005917159763,call,194.35,0.3841648270883039,84500.0
0.08418891170431211,104000.0,1.2307692307692308,call,152.1,0.39659297798237503,84500.0
0.08418891170431211,105000.0,1.242603550295858,call,135.20000000000002,0.4027595505747595,84500.0
0.08418891170431211,106000.0,1.2544378698224852,call,118.3,0.4076075655258056,84500.0
0.08418891170431211,110000.0,1.301775147928994,call,76.05,0.43106200823570245,84500.0
0.08418891170431211,115000.0,1.3609467455621302,call,50.699999999999996,0.46474460967697095,84500.0
0.2375085557837098,20000.0,0.23176532042998926,put,25.888256227758006,1.1241510641429646,86294.18742586003
0.2375085557837098,30000.0,0.34764798064498387,put,43.147093712930015,0.869166887584413,86294.18742586003
0.2375085557837098,35000.0,0.4055893107524812,put,60.40593119810202,0.7797690030122871,86294.18742586003
0.2375085557837098,40000.0,0.4635306408599785,put,94.92360616844604,0.7128757074288966,86294.18742586003
0.2375085557837098,45000.0,0.5214719709674759,put,120.81186239620403,0.6339239410688754,86294.18742586003
0.2375085557837098,50000.0,0.5794133010749731,put,181.21779359430604,0.5765188487354153,86294.18742586003
0.2375085557837098,52000.0,0.6025898331179721,put,215.7354685646501,0.5560213508452548,86294.18742586003
0.2375085557837098,54000.0,0.6257663651609711,put,258.8825622775801,0.5369500299932037,86294.18742586003
0.2375085557837098,55000.0,0.6373546311824705,put,293.4002372479241,0.5310383641816323,86294.18742586003
0.2375085557837098,56000.0,0.6489428972039699,put,310.6590747330961,0.5184912204328188,86294.18742586003
0.2375085557837098,58000.0,0.6721194292469689,put,371.06500593119813,0.5001130906393567,86294.18742586003
0.2375085557837098,60000.0,0.6952959612899677,put,457.35919335705813,0.4855534464662899,86294.18742586003
0.2375085557837098,62000.0,0.7184724933329667,put,543.6533807829181,0.4676576823817371,86294.18742586003
0.2375085557837098,64000.0,0.7416490253759657,put,664.4652431791222,0.4533170709974377,86294.18742586003
0.2375085557837098,65000.0,0.7532372913974651,put,733.5005931198103,0.4461961315378347,86294.18742586003
0.2375085557837098,66000.0,0.7648255574189645,put,819.7947805456703,0.440730473259937,86294.18742586003
0.2375085557837098,68000.0,0.7880020894619635,put,1035.5302491103205,0.43202608402164894,86294.18742586003
0.2375085557837098,70000.0,0.8111786215049624,put,1303.0422301304866,0.4241735808125574,86294.18742586003
0.2375085557837098,72000.0,0.8343551535479613,put,1639.5895610913406,0.4179333682908587,86294.18742586003
0.2375085557837098,74000.0,0.8575316855909603,put,2062.431079478055,0.41369029960944803,86294.18742586003
0.2375085557837098,75000.0,0.8691199516124597,put,2312.6842230130487,0.4124837357396355,86294.18742586003
0.2375085557837098,76000.0,0.8807082176339592,put,2588.8256227758006,0.4116901683348213,86294.18742586003
0.2375085557837098,78000.0,0.9038847496769581,put,3218.7731909845793,0.41095934256366146,86294.18742586003
0.2375085557837098,80000.0,0.927061281719957,put,3960.9032028469755,0.4115483923381049,86294.18742586003
0.2375085557837098,82000.0,0.950237813762956,put,4806.586239620404,0.41257720185593666,86294.18742586003
0.2375085557837098,84000.0,0.9734143458059549,put,5781.710557532622,0.41559768955504156,86294.18742586003
0.2375085557837098,85000.0,0.9850026118274544,put,6308.105100830368,0.4172556405043102,86294.18742586003
0.2375085557837098,86000.0,0.9965908778489538,put,6860.387900355872,0.41904950394564117,86294.18742586003
0.2375085557837098,88000.0,1.0197674098919527,call,4884.251008303678,0.33659717269635486,86294.18742586003
0.2375085557837098,90000.0,1.0429439419349518,call,4150.7504151838675,0.3398485395271909,86294.18742586003
0.2375085557837098,92000.0,1.0661204739779506,call,3520.8028469750893,0.34340452286401607,86294.18742586003
0.2375085557837098,94000.0,1.0892970060209495,call,2977.149466192171,0.34680931048980185,86294.18742586003
0.2375085557837098,95000.0,1.100885272042449,call,2735.525741399763,0.3485104726157056,86294.18742586003
0.2375085557837098,96000.0,1.1124735380639486,call,2519.790272835113,0.35071859171539416,86294.18742586003
0.2375085557837098,98000.0,1.1356500701069474,call,2122.8370106761568,0.3540327798054687,86294.18742586003
0.2375085557837098,100000.0,1.1588266021499463,call,1794.9190984578886,0.35801800942771606,86294.18742586003
0.2375085557837098,102000.0,1.1820031341929453,call,1510.1482799525506,0.36132661276437666,86294.18742586003
0.2375085557837098,104000.0,1.2051796662359442,call,1285.7833926453145,0.36609958212113064,86294.18742586003
0.2375085557837098,105000.0,1.2167679322574436,call,1190.8597864768683,0.3688385576834769,86294.18742586003
0.2375085557837098,106000.0,1.228356198278943,call,1095.9361803084223,0.37077207233888876,86294.18742586003
0.2375085557837098,108000.0,1.2515327303219421,call,940.6066429418743,0.37594941099104273,86294.18742586003
0.2375085557837098,110000.0,1.274709262364941,call,811.1653618030844,0.38130651145452044,86294.18742586003
0.2375085557837098,115000.0,1.3326505924724383,call,560.9122182680902,0.39344434417553376,86294.18742586003
0.2375085557837098,120000.0,1.3905919225799355,call,396.95326215895614,0.40579564496004855,86294.18742586003
0.2375085557837098,125000.0,1.4485332526874328,call,293.4002372479241,0.4197203898529629,86294.18742586003
0.2375085557837098,130000.0,1.5064745827949302,call,224.36488730723607,0.43423548825351027,86294.18742586003
0.2375085557837098,135000.0,1.5644159129024275,call,189.84721233689208,0.45398239144078006,86294.18742586003
0.2375085557837098,140000.0,1.622357243009925,call,138.07069988137604,0.461591585459221,86294.18742586003
0.2375085557837098,150000.0,1.7382399032249194,call,94.92360616844604,0.49022369342674416,86294.18742586003
0.2375085557837098,160000.0,1.854122563439914,call,69.03534994068802,0.5173353811911036,86294.18742586003
0.2375085557837098,170000.0,1.9700052236549088,call,51.77651245551601,0.5421670915383717,86294.18742586003
0.2375085557837098,180000.0,2.0858878838699035,call,43.147093712930015,0.5697902497370246,86294.18742586003
0.2375085557837098,190000.0,2.201770544084898,call,34.51767497034401,0.5919818472458107,86294.18742586003
0.2375085557837098,200000.0,2.3176532042998925,call,25.888256227758006,0.6079147384620349,86294.18742586003
0.2375085557837098,210000.0,2.4335358645148872,call,17.258837485172005,0.6153922770167207,86294.18742586003
0.2375085557837098,220000.0,2.549418524729882,call,17.258837485172005,0.6434457292596151,86294.18742586003
0.2375085557837098,230000.0,2.6653011849448767,call,17.258837485172005,0.6700696278428661,86294.18742586003
0.2375085557837098,240000.0,2.781183845159871,call,17.258837485172005,0.6953998982748333,86294.18742586003
0.2375085557837098,250000.0,2.8970665053748657,call,17.258837485172005,0.7195539199901101,86294.18742586003
0.486652977412731,35000.0,0.39306652049226903,put,151.37386904761905,0.6337294665583673,89043.45238095238
0.486652977412731,40000.0,0.4492188805625932,put,231.5129761904762,0.5873908402817419,89043.45238095238
0.486652977412731,45000.0,0.5053712406329173,put,365.0781547619048,0.5512416045121054,89043.45238095238
0.486652977412731,50000.0,0.5615236007032415,put,560.97375,0.5186616040488012,89043.45238095238
0.486652977412731,52000.0,0.5839845447313711,put,667.8258928571429,0.5074851157154369,89043.45238095238
0.486652977412731,54000.0,0.6064454887595008,put,783.582380952381,0.49550197198193,89043.45238095238
0.486652977412731,55000.0,0.6176759607735656,put,845.9127976190476,0.4893977626009999,89043.45238095238
0.486652977412731,56000.0,0.6289064327876305,put,934.9562500000001,0.48634690619598114,89043.45238095238
0.486652977412731,58000.0,0.6513673768157601,put,1086.330119047619,0.47475413109111575,89043.45238095238
0.486652977412731,60000.0,0.6738283208438898,put,1291.1300595238097,0.46687801523777867,89043.45238095238
0.486652977412731,62000.0,0.6962892648720194,put,1522.6430357142858,0.458919585489073,89043.45238095238
0.486652977412731,64000.0,0.7187502089001491,put,1798.677738095238,0.45219323255077126,89043.45238095238
0.486652977412731,65000.0,0.7299806809142139,put,1967.8602976190477,0.4502624420207273,89043.45238095238
0.486652977412731,66000.0,0.7412111529282788,put,2137.0428571428574,0.44750546994616325,89043.45238095238
0.486652977412731,68000.0,0.7636720969564084,put,2528.834047619048,0.4435188229765893,89043.45238095238
0.486652977412731,70000.0,0.7861330409845381,put,2974.0513095238093,0.43989376087508814,89043.45238095238
0.486652977412731,72000.0,0.8085939850126677,put,3499.4076785714287,0.43795238200016723,89043.45238095238
0.486652977412731,74000.0,0.8310549290407974,put,4095.9988095238095,0.43675243628707683,89043.45238095238
0.486652977412731,75000.0,0.8422854010548622,put,4425.459583333333,0.43659237629787284,89043.45238095238
0.486652977412731,76000.0,0.8535158730689271,put,4772.729047619047,0.43653120352139546,89043.45238095238
0.486652977412731,78000.0,0.8759768170970567,put,5538.502738095238,0.43751565402868614,89043.45238095238
0.486652977412731,80000.0,0.8984377611251864,put,6384.415535714285,0.4391282469380859,89043.45238095238
0.486652977412731,82000.0,0.920898705153316,put,7319.371785714286,0.441724682190231,89043.45238095238
0.486652977412731,84000.0,0.9433596491814457,put,8352.275833333333,0.445660096449082,89043.45238095238
0.486652977412731,85000.0,0.9545901211955105,put,8895.440892857143,0.44770457584549017,89043.45238095238
0.486652977412731,86000.0,0.9658205932095754,put,9465.31898809524,0.45019141821144937,89043.45238095238
0.486652977412731,88000.0,0.988281537237705,put,10640.69255952381,0.4546832523185153,89043.45238095238
0.486652977412731,90000.0,1.0107424812658345,call,7684.449940476191,0.3279912681894148,89043.45238095238
0.486652977412731,92000.0,1.0332034252939644,call,6936.48494047619,0.33147523028761466,89043.45238095238
0.486652977412731,94000.0,1.055664369322094,call,6259.754702380953,0.3349217353038352,89043.45238095238
0.486652977412731,95000.0,1.0668948413361588,call,5948.102619047619,0.3367013576869732,89043.45238095238
0.486652977412731,96000.0,1.0781253133502235,call,5645.354880952381,0.33819103056545147,89043.45238095238
0.486652977412731,98000.0,1.1005862573783534,call,5084.381130952381,0.3411292420289547,89043.45238095238
0.486652977412731,100000.0,1.123047201406483,call,4585.737797619047,0.34432229287024363,89043.45238095238
0.486652977412731,102000.0,1.1455081454346125,call,4122.7118452380955,0.34682811764581084,89043.45238095238
0.486652977412731,104000.0,1.1679690894627421,call,3722.0163095238095,0.35002411199587563,89043.45238095238
0.486652977412731,105000.0,1.1791995614768072,call,3543.929404761905,0.35191833155874014,89043.45238095238
0.486652977412731,106000.0,1.190430033490872,call,3365.8425,0.3533500479149196,89043.45238095238
0.486652977412731,108000.0,1.2128909775190015,call,3027.4773809523813,0.3556980898846232,89043.45238095238
0.486652977412731,110000.0,1.2353519215471311,call,2733.6339880952382,0.3585301831459079,89043.45238095238
0.486652977412731,112000.0,1.257812865575261,call,2484.3123214285715,0.36210974321997963,89043.45238095238
0.486652977412731,115000.0,1.2915042816174553,call,2137.0428571428574,0.3661926438032814,89043.45238095238
0.486652977412731,120000.0,1.3476566416877795,call,1691.8255952380953,0.37431867597851465,89043.45238095238
0.486652977412731,125000.0,1.4038090017581037,call,1335.6517857142858,0.38108230523286263,89043.45238095238
0.486652977412731,130000.0,1.4599613618284277,call,1095.2344642857142,0.39064428850913874,89043.45238095238
0.486652977412731,140000.0,1.5722660819690761,call,747.9649999999999,0.4076762339382867,89043.45238095238
0.486652977412731,150000.0,1.6845708021097243,call,543.1650595238095,0.42583939700524204,89043.45238095238
0.486652977412731,160000.0,1.7968755222503727,call,400.6955357142857,0.44167770803554096,89043.45238095238
0.486652977412731,170000.0,1.909180242391021,call,320.55642857142857,0.4604466262053995,89043.45238095238
0.486652977412731,180000.0,2.021484962531669,call,258.2260119047619,0.4769443987333704,89043.45238095238
0.486652977412731,190000.0,2.1337896826723175,call,222.60863095238096,0.4957777345576581,89043.45238095238
0.486652977412731,200000.0,2.246094402812966,call,186.99124999999998,0.5107494875330671,89043.45238095238
0.9849418206707734,50000.0,0.525294855464914,put,1599.1018972697823,0.5056292253659249,95184.63674224896
0.9849418206707734,60000.0,0.6303538265578967,put,3160.1299398426654,0.4818632983713584,95184.63674224896
0.9849418206707734,65000.0,0.6828833121043881,put,4359.456362795002,0.4770538692839701,95184.63674224896
0.9849418206707734,70000.0,0.7354127976508795,put,5901.447478019435,0.4762767447031365,95184.63674224896
0.9849418206707734,72000.0,0.7564245918694761,put,6615.3322535863035,0.47675434374774395,95184.63674224896
0.9849418206707734,74000.0,0.7774363860880726,put,7395.846274872744,0.47799429510343705,95184.63674224896
0.9849418206707734,76000.0,0.7984481803066692,put,8233.471078204535,0.4795935406869482,95184.63674224896
0.9849418206707734,78000.0,0.8194599745252658,put,9137.7251272559,0.48185138905305663,95184.63674224896
0.9849418206707734,80000.0,0.8404717687438623,put,10108.60842202684,0.48473454725132414,95184.63674224896
0.9849418206707734,82000.0,0.8614835629624589,put,11127.084035168904,0.4876401393951268,95184.63674224896
0.9849418206707734,84000.0,0.8824953571810554,put,12240.744285053215,0.49204403824516163,95184.63674224896
0.9849418206707734,86000.0,0.903507151399652,put,13344.886071263303,0.49481469639625647,95184.63674224896
0.9849418206707734,88000.0,0.9245189456182484,put,14544.21249421564,0.49912408074174686,95184.63674224896
0.9849418206707734,90000.0,0.945530739836845,put,15791.131235539102,0.5035921738084348,95184.63674224896
0.9849418206707734,92000.0,0.9665425340554415,put,17085.642295233687,0.5082680655251284,95184.63674224896
0.9849418206707734,94000.0,0.9875543282740381,put,18437.264136973623,0.5134620721491818,95184.63674224896
0.9849418206707734,96000.0,1.0085661224926348,call,11488.78565478945,0.31549394285385934,95184.63674224896
0.9849418206707734,98000.0,1.0295779167112313,call,10774.900879222581,0.31853806163884246,95184.63674224896
0.9849418206707734,100000.0,1.050589710929828,call,10108.60842202684,0.3214949686745947,95184.63674224896
0.9849418206707734,102000.0,1.0716015051484244,call,9480.389819527996,0.32419667518389184,95184.63674224896
0.9849418206707734,104000.0,1.092613299367021,call,8890.245071726053,0.32672244028886677,95184.63674224896
0.9849418206707734,106000.0,1.1136250935856176,call,8347.692642295233,0.3294029261162421,95184.63674224896
0.9849418206707734,108000.0,1.1346368878042141,call,7833.6956038870885,0.3318007117840991,95184.63674224896
0.9849418206707734,110000.0,1.1556486820228107,call,7367.290883850069,0.3345031116880599,95184.63674224896
0.9849418206707734,112000.0,1.1766604762414072,call,6929.441554835725,0.33706186029216595,95184.63674224896
0.9849418206707734,114000.0,1.1976722704600038,call,6510.629153169829,0.33926867123133103,95184.63674224896
0.9849418206707734,116000.0,1.2186840646786004,call,6120.372142526608,0.34144493933221626,95184.63674224896
0.9849418206707734,118000.0,1.239695858897197,call,5768.188986580287,0.34393119935522876,95184.63674224896
0.9849418206707734,120000.0,1.2607076531157935,call,5435.042757982415,0.3462332144572426,95184.63674224896
0.9849418206707734,125000.0,1.3132371386622848,call,4702.1210550670985,0.35200860918807303,95184.63674224896
0.9849418206707734,130000.0,1.3657666242087763,call,4102.45784359093,0.3581739067908322,95184.63674224896
0.9849418206707734,135000.0,1.4182961097552675,call,3588.4608051827854,0.3638624515562685,95184.63674224896
0.9849418206707734,140000.0,1.470825595301759,call,3150.6114761684403,0.3692892899753505,95184.63674224896
0.9849418206707734,150000.0,1.5758845663947418,call,2474.800555298473,0.380328874618993,95184.63674224896
0.9849418206707734,160000.0,1.6809435374877246,call,1970.3219805645533,0.39040083471378423,95184.63674224896
0.9849418206707734,170000.0,1.7860025085807074,call,1599.1018972697823,0.400303896872452,95184.63674224896
0.9849418206707734,180000.0,1.89106147967369,call,1313.5479870430356,0.40950182886920594,95184.63674224896
0.9849418206707734,190000.0,1.9961204507666728,call,1142.2156409069876,0.4219853035521357,95184.63674224896
0.9849418206707734,200000.0,2.101179421859656,call,951.8463674224896,0.4293238947612885,95184.63674224896
0.9849418206707734,210000.0,2.2062383929526383,call,837.6248033317909,0.4398262891452828,95184.63674224896
0.9849418206707734,220000.0,2.3112973640456214,call,713.8847755668671,0.44664454399761505,95184.63674224896
